Year,Series,Trendline type,Category,Value
1970,D6ai (interim),Index value,,100.0
1971,D6ai (interim),Index value,,85.40401896
1972,D6ai (interim),Index value,,76.76269742
1973,D6ai (interim),Index value,,73.95476013
1974,D6ai (interim),Index value,,72.38319481
1975,D6ai (interim),Index value,,73.47813293
1976,D6ai (interim),Index value,,77.23016368
1977,D6ai (interim),Index value,,73.09892771
1978,D6ai (interim),Index value,,69.00228363
1979,D6ai (interim),Index value,,64.49764331
1980,D6ai (interim),Index value,,59.20202921
1981,D6ai (interim),Index value,,56.34980532
1982,D6ai (interim),Index value,,57.87015369
1983,D6ai (interim),Index value,,57.77604325
1984,D6ai (interim),Index value,,57.11804958
1985,D6ai (interim),Index value,,52.42375097
1986,D6ai (interim),Index value,,49.54449931
1987,D6ai (interim),Index value,,47.00468773
1988,D6ai (interim),Index value,,44.66024646
1989,D6ai (interim),Index value,,44.57895669
1990,D6ai (interim),Index value,,44.23989864
1991,D6ai (interim),Index value,,42.65985561
1992,D6ai (interim),Index value,,40.68860413
1993,D6ai (interim),Index value,,37.79262034
1994,D6ai (interim),Index value,,36.12390557
1995,D6ai (interim),Index value,,35.4599056
1996,D6ai (interim),Index value,,33.43553896
1997,D6ai (interim),Index value,,30.02396474
1998,D6ai (interim),Index value,,26.35632926
1999,D6ai (interim),Index value,,24.3757783
2000,D6ai (interim),Index value,,23.54116096
2001,D6ai (interim),Index value,,24.2511843
2002,D6ai (interim),Index value,,25.30344019
2003,D6ai (interim),Index value,,26.48875721
2004,D6ai (interim),Index value,,26.32293772
2005,D6ai (interim),Index value,,24.9776572
2006,D6ai (interim),Index value,,23.70698303
2007,D6ai (interim),Index value,,22.17897332
2008,D6ai (interim),Index value,,22.45741742
2009,D6ai (interim),Index value,,23.65426074
2010,D6ai (interim),Index value,,24.43103438
2011,D6ai (interim),Index value,,24.052304
2012,D6ai (interim),Index value,,21.95645826
2013,D6ai (interim),Index value,,21.33801481
2014,D6ai (interim),Index value,,20.57149913
2015,D6ai (interim),Index value,,19.4860383
2016,D6ai (interim),Index value,,18.3323532
2017,D6ai (interim),Index value,,17.8001057
2018,D6ai (interim),Index value,,17.67991012
1970,D6ai (interim),95% Credible interval min,,87.38723351
1971,D6ai (interim),95% Credible interval min,,74.52075482
1972,D6ai (interim),95% Credible interval min,,67.12303353
1973,D6ai (interim),95% Credible interval min,,64.99717129
1974,D6ai (interim),95% Credible interval min,,64.17381642
1975,D6ai (interim),95% Credible interval min,,65.51113574
1976,D6ai (interim),95% Credible interval min,,69.08097687
1977,D6ai (interim),95% Credible interval min,,65.48386892
1978,D6ai (interim),95% Credible interval min,,62.1222718
1979,D6ai (interim),95% Credible interval min,,58.39765902
1980,D6ai (interim),95% Credible interval min,,53.52844331
1981,D6ai (interim),95% Credible interval min,,51.15248623
1982,D6ai (interim),95% Credible interval min,,52.80689445
1983,D6ai (interim),95% Credible interval min,,52.78385878
1984,D6ai (interim),95% Credible interval min,,52.37725381
1985,D6ai (interim),95% Credible interval min,,48.23084555
1986,D6ai (interim),95% Credible interval min,,45.6363103
1987,D6ai (interim),95% Credible interval min,,43.45113075
1988,D6ai (interim),95% Credible interval min,,41.43937836
1989,D6ai (interim),95% Credible interval min,,41.44781512
1990,D6ai (interim),95% Credible interval min,,41.22600029
1991,D6ai (interim),95% Credible interval min,,39.85693212
1992,D6ai (interim),95% Credible interval min,,38.10912943
1993,D6ai (interim),95% Credible interval min,,35.54815298
1994,D6ai (interim),95% Credible interval min,,34.01655528
1995,D6ai (interim),95% Credible interval min,,33.45842293
1996,D6ai (interim),95% Credible interval min,,31.67006108
1997,D6ai (interim),95% Credible interval min,,28.50084995
1998,D6ai (interim),95% Credible interval min,,25.14362587
1999,D6ai (interim),95% Credible interval min,,23.28927124
2000,D6ai (interim),95% Credible interval min,,22.42765235
2001,D6ai (interim),95% Credible interval min,,23.21163086
2002,D6ai (interim),95% Credible interval min,,24.23788131
2003,D6ai (interim),95% Credible interval min,,25.24285199
2004,D6ai (interim),95% Credible interval min,,25.17783157
2005,D6ai (interim),95% Credible interval min,,23.94976831
2006,D6ai (interim),95% Credible interval min,,22.63756176
2007,D6ai (interim),95% Credible interval min,,21.2434217
2008,D6ai (interim),95% Credible interval min,,21.49861078
2009,D6ai (interim),95% Credible interval min,,22.64272915
2010,D6ai (interim),95% Credible interval min,,23.42829666
2011,D6ai (interim),95% Credible interval min,,23.05045645
2012,D6ai (interim),95% Credible interval min,,21.01020303
2013,D6ai (interim),95% Credible interval min,,20.47311812
2014,D6ai (interim),95% Credible interval min,,19.73090985
2015,D6ai (interim),95% Credible interval min,,18.66267913
2016,D6ai (interim),95% Credible interval min,,17.55656704
2017,D6ai (interim),95% Credible interval min,,17.04974115
2018,D6ai (interim),95% Credible interval min,,16.6241402
1970,D6ai (interim),95% Credible interval max,,114.4903552
1971,D6ai (interim),95% Credible interval max,,97.77258247
1972,D6ai (interim),95% Credible interval max,,87.63335749
1973,D6ai (interim),95% Credible interval max,,83.94826277
1974,D6ai (interim),95% Credible interval max,,81.68490654
1975,D6ai (interim),95% Credible interval max,,82.44470827
1976,D6ai (interim),95% Credible interval max,,86.42087936
1977,D6ai (interim),95% Credible interval max,,81.57950673
1978,D6ai (interim),95% Credible interval max,,76.66018945
1979,D6ai (interim),95% Credible interval max,,71.38457088
1980,D6ai (interim),95% Credible interval max,,65.63101842
1981,D6ai (interim),95% Credible interval max,,62.16657995
1982,D6ai (interim),95% Credible interval max,,63.42772259
1983,D6ai (interim),95% Credible interval max,,63.19340858
1984,D6ai (interim),95% Credible interval max,,62.31899502
1985,D6ai (interim),95% Credible interval max,,56.96705426
1986,D6ai (interim),95% Credible interval max,,53.68135126
1987,D6ai (interim),95% Credible interval max,,50.87376977
1988,D6ai (interim),95% Credible interval max,,48.16213873
1989,D6ai (interim),95% Credible interval max,,47.96943193
1990,D6ai (interim),95% Credible interval max,,47.42304022
1991,D6ai (interim),95% Credible interval max,,45.63136491
1992,D6ai (interim),95% Credible interval max,,43.44584032
1993,D6ai (interim),95% Credible interval max,,40.17872756
1994,D6ai (interim),95% Credible interval max,,38.32729954
1995,D6ai (interim),95% Credible interval max,,37.60385658
1996,D6ai (interim),95% Credible interval max,,35.3046119
1997,D6ai (interim),95% Credible interval max,,31.6680671
1998,D6ai (interim),95% Credible interval max,,27.64188166
1999,D6ai (interim),95% Credible interval max,,25.53184993
2000,D6ai (interim),95% Credible interval max,,24.71382883
2001,D6ai (interim),95% Credible interval max,,25.34915346
2002,D6ai (interim),95% Credible interval max,,26.42932479
2003,D6ai (interim),95% Credible interval max,,27.77083092
2004,D6ai (interim),95% Credible interval max,,27.50512096
2005,D6ai (interim),95% Credible interval max,,26.04373863
2006,D6ai (interim),95% Credible interval max,,24.79738852
2007,D6ai (interim),95% Credible interval max,,23.16700397
2008,D6ai (interim),95% Credible interval max,,23.44320753
2009,D6ai (interim),95% Credible interval max,,24.68983851
2010,D6ai (interim),95% Credible interval max,,25.46511139
2011,D6ai (interim),95% Credible interval max,,25.1016931
2012,D6ai (interim),95% Credible interval max,,22.92978566
2013,D6ai (interim),95% Credible interval max,,22.2397073
2014,D6ai (interim),95% Credible interval max,,21.42546701
2015,D6ai (interim),95% Credible interval max,,20.35722512
2016,D6ai (interim),95% Credible interval max,,19.13367225
2017,D6ai (interim),95% Credible interval max,,18.58170211
2018,D6ai (interim),95% Credible interval max,,18.79368265
Long term (1970–2018),D6aii (interim),,Strong decrease,65.771812
Long term (1970–2018),D6aii (interim),,Weak decrease,17.449664
Long term (1970–2018),D6aii (interim),,Little or no change,10.067114
Long term (1970–2018),D6aii (interim),,Weak increase,5.369128
Long term (1970–2018),D6aii (interim),,Strong increase,1.342282
Short term (2013–2018),D6aii (interim),,Strong decrease,44.966443
Short term (2013–2018),D6aii (interim),,Weak decrease,11.409396
Short term (2013–2018),D6aii (interim),,Little or no change,23.489933
Short term (2013–2018),D6aii (interim),,Weak increase,6.040268
Short term (2013–2018),D6aii (interim),,Strong increase,14.09396
1970,D6bi (interim),Index value,,100.0
1971,D6bi (interim),Index value,,100.373145143111
1972,D6bi (interim),Index value,,100.140249556474
1973,D6bi (interim),Index value,,99.7091445592339
1974,D6bi (interim),Index value,,99.3297299430442
1975,D6bi (interim),Index value,,99.2820015771448
1976,D6bi (interim),Index value,,98.9267836935245
1977,D6bi (interim),Index value,,97.460044578264
1978,D6bi (interim),Index value,,96.3572723592092
1979,D6bi (interim),Index value,,95.5594904073148
1980,D6bi (interim),Index value,,94.6153447021981
1981,D6bi (interim),Index value,,93.7813929153619
1982,D6bi (interim),Index value,,94.0559945100307
1983,D6bi (interim),Index value,,94.3351013401886
1984,D6bi (interim),Index value,,93.9607102922101
1985,D6bi (interim),Index value,,92.7945056755313
1986,D6bi (interim),Index value,,91.886908226505
1987,D6bi (interim),Index value,,91.611738894673
1988,D6bi (interim),Index value,,91.3203993151374
1989,D6bi (interim),Index value,,91.7906908334822
1990,D6bi (interim),Index value,,92.3538846701048
1991,D6bi (interim),Index value,,92.3167004729014
1992,D6bi (interim),Index value,,91.9227446645956
1993,D6bi (interim),Index value,,91.5583159784378
1994,D6bi (interim),Index value,,92.1043167528987
1995,D6bi (interim),Index value,,93.3895359468778
1996,D6bi (interim),Index value,,94.1261517708276
1997,D6bi (interim),Index value,,94.3316195388133
1998,D6bi (interim),Index value,,93.2528997148111
1999,D6bi (interim),Index value,,93.1411575767878
2000,D6bi (interim),Index value,,93.6105924976497
2001,D6bi (interim),Index value,,94.5515499890133
2002,D6bi (interim),Index value,,95.2118517264604
2003,D6bi (interim),Index value,,95.9485788721322
2004,D6bi (interim),Index value,,95.4890861605801
2005,D6bi (interim),Index value,,95.308136404373
2006,D6bi (interim),Index value,,95.1227643383
2007,D6bi (interim),Index value,,91.7416051081298
2008,D6bi (interim),Index value,,90.7898820206101
2009,D6bi (interim),Index value,,91.9012978601471
2010,D6bi (interim),Index value,,92.2887063161635
2011,D6bi (interim),Index value,,92.2616473061318
2012,D6bi (interim),Index value,,89.06099470428
2013,D6bi (interim),Index value,,89.8586209800946
2014,D6bi (interim),Index value,,88.2368039538254
2015,D6bi (interim),Index value,,86.1533682855556
2016,D6bi (interim),Index value,,83.6761669769098
1970,D6bi (interim),95% Credible interval min,,100.0
1971,D6bi (interim),95% Credible interval min,,98.6534945227992
1972,D6bi (interim),95% Credible interval min,,97.801702854505
1973,D6bi (interim),95% Credible interval min,,97.020160190452
1974,D6bi (interim),95% Credible interval min,,96.5632451616683
1975,D6bi (interim),95% Credible interval min,,96.3729230034619
1976,D6bi (interim),95% Credible interval min,,96.0725449582185
1977,D6bi (interim),95% Credible interval min,,94.6039359812181
1978,D6bi (interim),95% Credible interval min,,93.4977983989078
1979,D6bi (interim),95% Credible interval min,,92.6013762533538
1980,D6bi (interim),95% Credible interval min,,91.7156729226053
1981,D6bi (interim),95% Credible interval min,,90.9507492828538
1982,D6bi (interim),95% Credible interval min,,91.1990503870427
1983,D6bi (interim),95% Credible interval min,,91.4226267708537
1984,D6bi (interim),95% Credible interval min,,91.1186663904377
1985,D6bi (interim),95% Credible interval min,,89.991281051842
1986,D6bi (interim),95% Credible interval min,,89.1589541516363
1987,D6bi (interim),95% Credible interval min,,88.919708817987
1988,D6bi (interim),95% Credible interval min,,88.5903430392638
1989,D6bi (interim),95% Credible interval min,,88.9999872208775
1990,D6bi (interim),95% Credible interval min,,89.5950989675401
1991,D6bi (interim),95% Credible interval min,,89.6469823456472
1992,D6bi (interim),95% Credible interval min,,89.2396458986025
1993,D6bi (interim),95% Credible interval min,,88.9684282508219
1994,D6bi (interim),95% Credible interval min,,89.4289330686558
1995,D6bi (interim),95% Credible interval min,,90.72205136749
1996,D6bi (interim),95% Credible interval min,,91.4527659107351
1997,D6bi (interim),95% Credible interval min,,91.7864720634625
1998,D6bi (interim),95% Credible interval min,,90.7269665212137
1999,D6bi (interim),95% Credible interval min,,90.6469014159807
2000,D6bi (interim),95% Credible interval min,,90.9789002491042
2001,D6bi (interim),95% Credible interval min,,91.9703042697699
2002,D6bi (interim),95% Credible interval min,,92.6739255083698
2003,D6bi (interim),95% Credible interval min,,93.3302301181412
2004,D6bi (interim),95% Credible interval min,,92.9053021295004
2005,D6bi (interim),95% Credible interval min,,92.8023391151893
2006,D6bi (interim),95% Credible interval min,,92.5144652214786
2007,D6bi (interim),95% Credible interval min,,89.1201754446027
2008,D6bi (interim),95% Credible interval min,,88.2023706816319
2009,D6bi (interim),95% Credible interval min,,89.316799246046
2010,D6bi (interim),95% Credible interval min,,89.5028373999048
2011,D6bi (interim),95% Credible interval min,,89.4940491703707
2012,D6bi (interim),95% Credible interval min,,86.2413025787687
2013,D6bi (interim),95% Credible interval min,,86.9645565327301
2014,D6bi (interim),95% Credible interval min,,85.2757950205584
2015,D6bi (interim),95% Credible interval min,,82.7138760699179
2016,D6bi (interim),95% Credible interval min,,79.3919072009855
1970,D6bi (interim),95% Credible interval max,,100.0
1971,D6bi (interim),95% Credible interval max,,102.177955104463
1972,D6bi (interim),95% Credible interval max,,102.56408706782
1973,D6bi (interim),95% Credible interval max,,102.473893667013
1974,D6bi (interim),95% Credible interval max,,102.203559698895
1975,D6bi (interim),95% Credible interval max,,102.157149357681
1976,D6bi (interim),95% Credible interval max,,101.772404814643
1977,D6bi (interim),95% Credible interval max,,100.269042704873
1978,D6bi (interim),95% Credible interval max,,99.2008993550833
1979,D6bi (interim),95% Credible interval max,,98.4668836271579
1980,D6bi (interim),95% Credible interval max,,97.5155423789604
1981,D6bi (interim),95% Credible interval max,,96.7441206350037
1982,D6bi (interim),95% Credible interval max,,97.0628745521432
1983,D6bi (interim),95% Credible interval max,,97.3173085247809
1984,D6bi (interim),95% Credible interval max,,96.9314189343678
1985,D6bi (interim),95% Credible interval max,,95.7113888278686
1986,D6bi (interim),95% Credible interval max,,94.7038012492047
1987,D6bi (interim),95% Credible interval max,,94.3653223026678
1988,D6bi (interim),95% Credible interval max,,94.0634501914183
1989,D6bi (interim),95% Credible interval max,,94.5779671430213
1990,D6bi (interim),95% Credible interval max,,95.2133185038125
1991,D6bi (interim),95% Credible interval max,,95.1058776771911
1992,D6bi (interim),95% Credible interval max,,94.6227381213769
1993,D6bi (interim),95% Credible interval max,,94.2642219902639
1994,D6bi (interim),95% Credible interval max,,94.7305682680346
1995,D6bi (interim),95% Credible interval max,,96.1412728069813
1996,D6bi (interim),95% Credible interval max,,96.8559237783093
1997,D6bi (interim),95% Credible interval max,,96.9756396225404
1998,D6bi (interim),95% Credible interval max,,95.9382908074008
1999,D6bi (interim),95% Credible interval max,,95.7680464168474
2000,D6bi (interim),95% Credible interval max,,96.230282212017
2001,D6bi (interim),95% Credible interval max,,97.2421264661158
2002,D6bi (interim),95% Credible interval max,,97.9024276532213
2003,D6bi (interim),95% Credible interval max,,98.6362766871868
2004,D6bi (interim),95% Credible interval max,,98.1449009891927
2005,D6bi (interim),95% Credible interval max,,97.9702651393257
2006,D6bi (interim),95% Credible interval max,,97.811950059159
2007,D6bi (interim),95% Credible interval max,,94.4168092706549
2008,D6bi (interim),95% Credible interval max,,93.4694568182173
2009,D6bi (interim),95% Credible interval max,,94.6697909023159
2010,D6bi (interim),95% Credible interval max,,95.1989300112272
2011,D6bi (interim),95% Credible interval max,,95.1269044760244
2012,D6bi (interim),95% Credible interval max,,92.118106703824
2013,D6bi (interim),95% Credible interval max,,93.0507148453872
2014,D6bi (interim),95% Credible interval max,,91.5168683229451
2015,D6bi (interim),95% Credible interval max,,89.6467197061996
2016,D6bi (interim),95% Credible interval max,,87.9418621941372
Long term (1970–2016),D6bii (interim),,Strong decrease,17.127072
Long term (1970–2016),D6bii (interim),,Weak decrease,20.994475
Long term (1970–2016),D6bii (interim),,Little or no change,37.569061
Long term (1970–2016),D6bii (interim),,Weak increase,9.392265
Long term (1970–2016),D6bii (interim),,Strong increase,14.917127
Short term (2011–2016),D6bii (interim),,Strong decrease,31.491713
Short term (2011–2016),D6bii (interim),,Weak decrease,27.071823
Short term (2011–2016),D6bii (interim),,Little or no change,28.176796
Short term (2011–2016),D6bii (interim),,Weak increase,8.287293
Short term (2011–2016),D6bii (interim),,Strong increase,4.972376
