year,question,value
2020/2021,Perceptions of what local green and natural spaces actually are,3.75093561224374
2021/2022,Perceptions of what local green and natural spaces actually are,3.775422387925684
2022/2023,Perceptions of what local green and natural spaces actually are,3.762252498455136
2020/2021,General expectations of what green and natural spaces should be,4.241486334606982
2021/2022,General expectations of what green and natural spaces should be,4.257678878862341
2022/2023,General expectations of what green and natural spaces should be,4.24471828186958
